name,source,source_url,specialty,tier,tier_label,email,email_source,phone,instagram,website,booking_site,notes
Christine Chamness Hamilton,Salon Lofts,https://salonlofts.com/christine_chamness_hamilton,"INOA Ammonia Free Hair Color, L'Oreal Professional, Balayage Specialist",1,tier1_colorist,,,(614) 309-4008,https://www.instagram.com/christinechamglam/,https://www.styleseat.com/m/v/christinechamcesshamilton,"Grandview Loft 19, 1580 followers on IG, '614 Balayage & Color Specialist'"
Leslie Sharp,Salon Lofts,https://salonlofts.com/leslie_sharp,"Wella Color, Redken Shades EQ, Olaplex",1,tier1_colorist,,,,,https://salonlofts.com/leslie_sharp,"Clintonville Loft 22"
Lisa Scalamonti,Salon Lofts,https://salonlofts.com/lisa_scalamonti,"Certified Pravana & Wella Advanced Colorist, Keratin, Color Correction",1,tier1_colorist,,,(614) 323-5836,,,,"Upper Arlington Loft 22, also listed on Groupon"
Melody Smith,Salon Lofts,https://salonlofts.com/melody_smith,"Color Enhancing, Color Correction, Naturally Curly Hair, Loma Organics",1,tier1_colorist,,,,,,,"Upper Arlington Loft 4"
Christian Roth,Salon Lofts,https://salonlofts.com/christian_roth,"Davines, Goldwell Color",1,tier1_colorist,,,https://salonlofts.com/christian_roth,,,"German Village Loft 14"
Abigail Hale,Salon Lofts,https://salonlofts.com/abigail_hale,"Blondes, Sun-Kissed Brunettes, Natural Looking Hair Color, LA techniques",1,tier1_colorist,,,(614) 506-1128,,,,"Short North at The Hub Loft 21, from LA"
Kari Viers (Kari V Hair Studio),Sola Salon Studios,https://www.solasalonstudios.com/salon-professional/kari-viers1,"Free-Handed Color, Blonding, Dimensional, 10 years experience",1,tier1_colorist,,,(614) 918-7618,,https://karivhair.glossgenius.com/about,https://www.facebook.com/karivhair/,"Westerville (Polaris), GlossGenius booking site, Yelp reviews"
Kassy Ross,Sola Salon Studios,https://www.solasalonstudios.com/salon-professional/kassy-ross1,"18 years experience, Precision Cuts, Color Techniques, all textures",1,tier1_colorist,,,,https://www.instagram.com/hair_by_kassy/,,https://www.yelp.com/biz/kassy-ross-columbus,"Polaris, 383 IG followers, Sola Spotlight featured, Yelp listed"
Jessie Welch (The Color Chemist),Sola Salon Studios,https://www.solasalonstudios.com/salon-professional/the-color-chemist,"Colorist, Brows, Hair, Waxing",1,tier1_colorist,,,,,,,,,"Columbus, brand name 'The Color Chemist' — strong COLORgenius fit"
Jasmine Snook,Sola Salon Studios,https://www.solasalonstudios.com/salon-professional/jasmine-1,"Colorist and Hair Stylist, 400-mile clients",1,tier1_colorist,,,,,,,,,"Columbus Studio 2"
Kimberly Loomis (Urban Posh Salon),Sola Salon Studios,https://www.solasalonstudios.com/salon-professional/kimberly-loomis1,"Cruelty-Free, Vegan, Sustainable, Gender-Neutral, Color Corrections, Fashion Shades, NYFW Stylist",2,tier2_stylist,,https://www.instagram.com/kimberlyloomis/,https://kimberlyloomis.glossgenius.com/about,,https://voyageohio.com/interview/meet-kimberly-loomis-of-urban-posh-salon/,"Polaris area, Modern Salon Top 100, Davines Top 100 Colorist, Director of Education for Sola Columbus, Voyage Ohio feature, color-by-referral-only — may be harder to convert"
Karen Pisano,Salon Lofts,https://salonlofts.com/karen_pisano,"Framesi, Redken",2,tier2_stylist,,,,,,,"Dublin Northwest Square Loft 3"
JJ Joyce Jones,Salon Lofts,https://salonlofts.com/jj_joyce_jones,"Hair Stylist, 20+ years",2,tier2_stylist,,,,,,,"Clintonville Loft 21"
Lories Nnyanzi,Salon Lofts,https://salonlofts.com/lories_nnyanzi,"Verb, Matrix, Brazilian Blowout",2,tier2_stylist,,,,,,,"Clintonville Loft 23"
Kristy Schmoll & Lesley Rider (True Salon),My Salon Suite,https://www.mysalonsuite.com/members/ky5uaa-kristy-schmoll-lesley-rider/,"Wella, Redken, Balayage, Blondes, Curly, Fantasy Color, Extensions",1,tier1_colorist,info@truesalon.co,website_contact,,,https://truesalon.co/,,https://www.mysalonsuite.com/members/ky5uaa-kristy-schmoll-lesley-rider/"Clintonville Suite 106, HAS EMAIL, 2-person team"
Elizabeth Paddyfoot,My Salon Suite,https://www.mysalonsuite.com/members/parman-elizabeth-paddyfoot/,"Best colorist, 20+ years loyal clients",1,tier1_colorist,,,,,,,,,"Clintonville, strong reviews"
Catherine Dougherty,My Salon Suite,https://www.mysalonsuite.com/members/ssjua4-catherine-dougherty/,"Master Stylist & Colorist, Hair Extensions, Keratin, Vivid Colors, Balayage, Foil Highlights",1,tier1_colorist,,,,,,,,,"LinkedIn shows she's now in Charlotte NC — may have moved, verify Columbus location"
Caitlin Orlinsky,My Salon Suite,https://www.mysalonsuite.com/members/ds6uam-caitlin-orlinsky/,"Blond Specialist, Custom Colorist, Voted BEST HAIRSTYLIST of PWC 2021",1,tier1_colorist,,,,,,,,,"Woodbridge VA location — NOT Columbus, remove from list"
Hailey Hartglass,My Salon Suite,https://www.mysalonsuite.com/members/hailey-hartglass/,"Stylist and Colorist",1,tier1_colorist,,,,https://www.instagram.com/haileyrosehairstudio/,,,,"Smithtown NY (Long Island) — NOT Columbus, remove from list"
Hannah Godown,My Salon Suite,https://www.mysalonsuite.com/members/hannah-godown/,,4,tier4_general,(937) 216-6469,phone_search,,,,,"146 Graceland Blvd Suite 106 Columbus 43214"